{"ORTools-GD": {"50": {"obj": 2.09711875, "time": 0.9697019532322884}, "55": {"obj": 2.209634375, "time": 1.3445484712719917}, "60": {"obj": 2.278246875, "time": 1.6917739808559418}}, "N50V5-G": {"50": {"obj": 2.195331573486328, "time": 0.0332498699426651}, "55": {"obj": 2.210298538208008, "time": 0.03522154688835144}, "60": {"obj": 2.2783875465393066, "time": 0.0384565070271492}}, "N50V5-P": {"50": {"obj": 2.0839381217956543, "time": 0.08808757364749908}, "55": {"obj": 2.1266226768493652, "time": 0.09820805490016937}, "60": {"obj": 2.1907224655151367, "time": 0.10887863487005234}}, "N50V10-G": {"50": {"obj": 2.627443313598633, "time": 0.03202499449253082}, "55": {"obj": 2.7698628902435303, "time": 0.03514736145734787}, "60": {"obj": 2.834177017211914, "time": 0.03800953924655914}}, "N50V10-P": {"50": {"obj": 2.2713286876678467, "time": 0.08743518590927124}, "55": {"obj": 2.388747215270996, "time": 0.09836295992136002}, "60": {"obj": 2.513698101043701, "time": 0.10887918621301651}}, "N100V5-G": {"50": {"obj": 2.3213658332824707, "time": 0.031865715980529785}, "55": {"obj": 2.340604782104492, "time": 0.03555382043123245}, "60": {"obj": 2.3889007568359375, "time": 0.03810574859380722}}, "N100V5-P": {"50": {"obj": 2.161693572998047, "time": 0.08750694245100021}, "55": {"obj": 2.1942763328552246, "time": 0.09843487292528152}, "60": {"obj": 2.2450242042541504, "time": 0.10928027331829071}}, "N100V10-G": {"50": {"obj": 2.6176154613494873, "time": 0.03182423859834671}, "55": {"obj": 2.6502277851104736, "time": 0.03499189019203186}, "60": {"obj": 2.80303692817688, "time": 0.038349032402038574}}, "N100V10-P": {"50": {"obj": 2.314728021621704, "time": 0.08745846152305603}, "55": {"obj": 2.36059308052063, "time": 0.0984138697385788}, "60": {"obj": 2.4577596187591553, "time": 0.11009518802165985}}, "Vehicle_num": 5}