{"ORTools-GD": {"50": {"obj": 2.12168125, "time": 0.898487463593483}, "55": {"obj": 0.945353125, "time": 0.7639546617865562}, "60": null, "65": null}, "Our-Greedy": {"50": {"obj": 2.1386051177978516, "time": 0.03416942059993744}, "55": {"obj": 2.1966776847839355, "time": 0.036120422184467316}, "60": null, "65": null}, "Our-POMO": {"50": {"obj": 2.0737342834472656, "time": 0.087851382791996}, "55": {"obj": 2.113462448120117, "time": 0.09871459007263184}, "60": null, "65": null}, "vehicle_num": 5, "Model": "N50V5"}